gene	transcript	mutation	count	label
ACVR2A	ENST00000241416	chr2_147926116_TA_T	315	p.Lys437ArgfsTer5
RPL22	ENST00000234875	chr1_6197724_CT_C	281	p.Lys15ArgfsTer5
RNF43	ENST00000584437	chr17_58357799_AC_A	220	p.Gly659ValfsTer41
DDX27	ENST00000622530	chr20_49241966_CA_C	217	p.Lys691ArgfsTer4
UPF3A	ENST00000375299	chr13_114291735_CA_C	217	p.Glu267ArgfsTer13
MSH3	ENST00000265081	chr5_80675095_CA_C	216	p.Lys383ArgfsTer32
MFSD4B	ENST00000671876	chr6_111266157_AT_A	211	p.Cys202ValfsTer4
SEC31A	ENST00000395310	chr4_82864411_AT_A	209	p.Ile462LeufsTer16
SMAP1	ENST00000370455	chr6_70798666_GA_G	201	p.Lys172ArgfsTer48
DOCK3	ENST00000266037	chr3_51380172_AC_A	200	p.Pro1852GlnfsTer45
COBLL1	ENST00000629362	chr2_164694785_CA_C	195	p.Leu974CysfsTer12
CCDC168	ENST00000322527	chr13_102729645_CA_C	194	p.Phe7017LeufsTer25
NDUFC2	ENST00000281031	chr11_78073100_CA_C	194	p.Phe69LeufsTer7
NBEAL1	ENST00000449802	chr2_203057334_CA_C	193	p.Glu136ArgfsTer14
UBR5	ENST00000520539	chr8_102277120_CT_C	193	p.Glu2121LysfsTer28
SETD1B	ENST00000604567	chr12_121804751_AC_A	190	p.His8ThrfsTer27
CLOCK	ENST00000513440	chr4_55470786_TA_T	187	p.Leu123Ter
TTK	ENST00000369798	chr6_80042179_GA_G	187	p.Arg854GlyfsTer39
ENO4	ENST00000341276	chr10_116859116_CA_C	185	p.Lys207ArgfsTer32
PHACTR4	ENST00000373836	chr1_28459218_GA_G	185	p.Ser64ValfsTer12
MIS18BP1	ENST00000310806	chr14_45246815_AT_A	184	p.Lys157AsnfsTer24
OR7E24	ENST00000456448	chr19_9251064_CT_C	184	p.Phe11SerfsTer89
SEC63	ENST00000369002	chr6_107893550_GT_G	179	p.Lys535AsnfsTer28
TVP23A	ENST00000299866	chr16_10773345_TA_T	173	p.Phe140LeufsTer7
FAM111B	ENST00000343597	chr11_59124903_CA_C	172	p.Ala273HisfsTer26
TFAM	ENST00000487519	chr10_58388809_CA_C	172	p.Glu148SerfsTer2
LTN1	ENST00000614971	chr21_28966883_AT_A	171	p.Asn582MetfsTer33
SLC35G2	ENST00000446465	chr3_136854643_GA_G	171	p.Arg66GlufsTer18
SLC35F5	ENST00000245680	chr2_113742699_CA_C	169	p.Cys248AlafsTer22
TGFBR2	ENST00000359013	chr3_30650379_GA_G	167	p.Lys153SerfsTer35
MARCKS	ENST00000612661	chr6_113860033_GA_G	166	p.Lys155ArgfsTer12
SREK1IP1	ENST00000513458	chr5_64728113_CT_C	166	p.Arg91GlyfsTer67
THAP5	ENST00000415914	chr7_108565081_AT_A	166	p.Lys99AsnfsTer25
TEAD2	ENST00000598810	chr19_49347215_TG_T	164	p.His299MetfsTer12
CCDC178	ENST00000583930	chr18_33333178_AT_A	162	p.Met292TrpfsTer3
SLC9A8	ENST00000417961	chr20_49850763_GT_G	162	p.Phe182LeufsTer16
LMAN1	ENST00000251047	chr18_59345961_CT_C	159	p.Glu305ArgfsTer22
TMEM60	ENST00000257663	chr7_77794142_CT_C	158	p.Ala78ProfsTer11
WDR55	ENST00000358337	chr5_140669516_CA_C	158	p.Lys341ArgfsTer8
BMPR2	ENST00000374580	chr2_202555406_GA_G	157	p.Asn583ThrfsTer44
EPHB2	ENST00000400191	chr1_22913752_GA_G	157	p.Lys1020ArgfsTer63
SRPRA	ENST00000332118	chr11_126267191_CT_C	155	p.Lys170ArgfsTer33
TBC1D23	ENST00000394144	chr3_100320891_CA_C	155	p.Lys649AsnfsTer18
ZNF518A	ENST00000624776	chr10_96159098_CA_C	155	p.Thr929LeufsTer2
DNA2	ENST00000358410	chr10_68422763_GA_G	154	p.Ser779HisfsTer6
RBM27	ENST00000265271	chr5_146267756_TA_T	154	p.Lys816AsnfsTer5
CDC7	ENST00000428239	chr1_91501799_TA_T	153	p.Asn31ThrfsTer51
DYNC1I2	ENST00000397119	chr2_171692828_GA_G	153	p.Arg57GlyfsTer13
FGFBP1	ENST00000382333	chr4_15936554_CT_C	153	p.Val27Ter
UVRAG	ENST00000356136	chr11_75983386_GA_G	150	p.Ser237ValfsTer6
SMC6	ENST00000448223	chr2_17716858_AT_A	149	p.Ile410TyrfsTer4
VCP	ENST00000358901	chr9_35059649_AT_A	149	p.Asn616MetfsTer63
MYO1A	ENST00000442789	chr12_57028788_CT_C	144	p.Lys1033ArgfsTer8
AASDH	ENST00000205214	chr4_56354102_CA_C	143	p.Leu440TrpfsTer43
PHF2	ENST00000359246	chr9_93660329_CA_C	139	p.Lys492ArgfsTer6
TNKS2	ENST00000371627	chr10_91842188_CA_C	139	p.Asn622ThrfsTer29
MXRA8	ENST00000445648	chr1_1354729_CG_C	137	p.Arg301GlyfsTer107
KMT2C	ENST00000262189	chr7_152177062_CT_C	136	p.Lys2797ArgfsTer26
XYLT2	ENST00000017003	chr17_50356605_AC_A	136	p.Gly529AlafsTer78
MCHR2	ENST00000281806	chr6_99934481_GA_G	135	p.Phe208SerfsTer5
BAX	ENST00000293288	chr19_48955713_TG_T	134	p.Glu41ArgfsTer19
SPINK5	ENST00000359874	chr5_148120311_GA_G	134	p.Lys823ArgfsTer119
TAF1B	ENST00000263663	chr2_9849441_TA_T	134	p.Asn66ThrfsTer26
ADD3	ENST00000356080	chr10_110133591_CA_C	133	p.Lys701ArgfsTer8
SLAMF1	ENST00000538290	chr1_160619810_CT_C	133	p.Ala305ProfsTer18
TCF7L2	ENST00000627217	chr10_113165557_GA_G	132	p.Lys468SerfsTer23
MIS18BP1	ENST00000310806	chr14_45224518_CT_C	131	p.Ser690ValfsTer10
ESRP1	ENST00000433389	chr8_94674382_TA_T	130	p.Asn512ThrfsTer2
LARP7	ENST00000509061	chr4_112657326_GA_G	130	c.*9del
AKAP7	ENST00000431975	chr6_131160135_GA_G	129	p.Lys79ArgfsTer21
ANO10	ENST00000292246	chr3_43605720_CT_C	128	p.Asp45MetfsTer12
TRIM51	ENST00000449290	chr11_55886133_TA_T	127	p.Met144CysfsTer15
TRIM59	ENST00000309784	chr3_160438579_CT_C	126	p.Ser202ValfsTer3
ABCC5	ENST00000334444	chr3_183947468_CA_C	125	p.Leu1090CysfsTer26
MUC15	ENST00000529533	chr11_26565879_GT_G	125	p.Lys20AsnfsTer12
GRIK2	ENST00000421544	chr6_102055556_CA_C	124	p.Asn849ThrfsTer14
PDS5B	ENST00000315596	chr13_32770749_CA_C	124	p.Asn1390MetfsTer4
MNS1	ENST00000260453	chr15_56444524_CT_C	123	p.Lys202SerfsTer9
GRB14	ENST00000263915	chr2_164508777_GT_G	121	p.Lys297AsnfsTer23
DNAH12	ENST00000311202	chr3_57523585_CT_C	120	p.Gly93AspfsTer7
FETUB	ENST00000265029	chr3_186644754_CA_C	120	p.Lys146ArgfsTer4
ZNF365	ENST00000395254	chr10_62399753_TA_T	120	p.Lys399SerfsTer6
ARV1	ENST00000310256	chr1_230995820_CA_C	118	p.Lys173SerfsTer8
ATR	ENST00000350721	chr3_142555897_AT_A	118	p.Ile774TyrfsTer5
CCDC73	ENST00000335185	chr11_32614404_AT_A	118	p.Asn638IlefsTer18
KCNMA1	ENST00000286628	chr10_76970027_CT_C	118	p.Lys769SerfsTer17
MEDAG	ENST00000380482	chr13_30906714_CG_C	118	p.Gly69AlafsTer29
TTC3	ENST00000399017	chr21_37151942_CA_C	118	p.Glu779LysfsTer5
CKAP2	ENST00000378037	chr13_52474898_GA_G	116	p.Lys606ArgfsTer14
EIF2B3	ENST00000360403	chr1_44941509_CT_C	115	p.Ala151GlnfsTer57
GOT1L1	ENST00000307599	chr8_37934315_GT_G	114	p.Thr415HisfsTer2
SPEF2	ENST00000356031	chr5_35705791_CA_C	114	p.Lys886ArgfsTer8
HMMR	ENST00000393915	chr5_163490419_TA_T	112	p.Lys667AsnfsTer11
ZBTB20	ENST00000675478	chr3_114339155_AG_A	112	p.Pro692LeufsTer43
ZNF107	ENST00000620827	chr7_64691906_CA_C	112	p.Glu61SerfsTer5
MECOM	ENST00000264674	chr3_169115468_CT_C	111	p.Gly679GlufsTer30
MINAR1	ENST00000305428	chr15_79458243_TA_T	111	p.Ser702AlafsTer11
SERPINB10	ENST00000238508	chr18_63917504_GA_G	111	p.Arg76GlyfsTer7
TMEM97	ENST00000226230	chr17_28326780_GA_G	111	p.Lys176AsnfsTer188
CD3G	ENST00000532917	chr11_118349867_TA_T	110	p.Lys71AsnfsTer40
SAFB2	ENST00000252542	chr19_5587270_CG_C	110	p.Pro945ArgfsTer49
ULK4	ENST00000301831	chr3_41819492_CT_C	110	p.Lys593ArgfsTer17
SLC3A2	ENST00000377891	chr11_62882056_TA_T	109	p.Lys301ArgfsTer31
SYCP1	ENST00000369522	chr1_114994979_GA_G	109	p.Lys967AsnfsTer2
OR52N5	ENST00000641181	chr11_5778421_CA_C	108	p.Phe71LeufsTer59
SLC16A4	ENST00000369779	chr1_110363804_CA_C	108	p.Phe475LeufsTer12
ABCF1	ENST00000326195	chr6_30578076_CA_C	107	p.Lys76SerfsTer60
EBPL	ENST00000242827	chr13_49661072_TA_T	107	p.Phe172LeufsTer7
ELOA	ENST00000418390	chr1_23751913_TA_T	107	p.Asn465MetfsTer19
JPH4	ENST00000397118	chr14_23571226_GC_G	107	p.Ala502GlnfsTer8
SVIL	ENST00000355867	chr10_29471186_TC_T	107	p.Met1863TrpfsTer44
PRKDC	ENST00000314191	chr8_47954349_AT_A	106	p.Ile166TyrfsTer6
TAF1B	ENST00000263663	chr2_9849441_TAA_T	106	p.Asn66GlnfsTer3
KCTD16	ENST00000507359	chr5_144473967_CA_C	105	p.Ala384LeufsTer20
PRDM2	ENST00000235372	chr1_13782253_CA_C	105	p.Val1490PhefsTer74
RGS12	ENST00000344733	chr4_3428671_GA_G	105	p.Lys1178AsnfsTer32
XPOT	ENST00000332707	chr12_64418974_GT_G	105	p.Phe126LeufsTer6
MBD4	ENST00000249910	chr3_129436704_CT_C	104	p.Glu314LysfsTer4
STAMBPL1	ENST00000371924	chr10_88922388_TA_T	104	p.Lys405ArgfsTer21
CEBPZ	ENST00000234170	chr2_37227764_CT_C	103	p.Asp477MetfsTer11
PLEKHA6	ENST00000272203	chr1_204259282_AC_A	103	p.Val328TyrfsTer172
TCERG1	ENST00000296702	chr5_146507159_CA_C	103	p.Lys957ArgfsTer17
REPIN1	ENST00000489432	chr7_150372349_GC_G	102	p.Ser430ProfsTer?
MIDEAS	ENST00000286523	chr14_73739069_TG_T	101	p.Asn314ThrfsTer4
RBM43	ENST00000331426	chr2_151251573_AT_A	101	p.Ile136SerfsTer4
RAD50	ENST00000378823	chr5_132595759_TA_T	100	p.Lys722ArgfsTer14
GBP3	ENST00000370481	chr1_89007758_GT_G	99	p.Thr585ProfsTer9
SPAG9	ENST00000262013	chr17_50999679_CT_C	99	p.Arg549GlyfsTer28
WDTC1	ENST00000319394	chr1_27294616_TG_T	99	p.Glu290AsnfsTer8
CCDC28A	ENST00000611852	chr6_138776192_CA_C	98	p.Asn117MetfsTer5
NRIP1	ENST00000318948	chr21_14966008_CT_C	97	p.Glu729ArgfsTer5
RFC3	ENST00000380071	chr13_33823925_TA_T	97	p.Ile82LeufsTer25
USP35	ENST00000529308	chr11_78209809_AC_A	97	p.Thr655ProfsTer23
BLM	ENST00000355112	chr15_90760908_GA_G	96	p.Asn515MetfsTer16
RGS9BP	ENST00000334176	chr19_32676869_CG_C	96	p.Gly205ValfsTer23
SPECC1	ENST00000261503	chr17_20204949_TA_T	96	p.Asn303ThrfsTer63
CAMTA2	ENST00000414043	chr17_4972442_AG_A	95	p.Pro889LeufsTer9
ICA1	ENST00000422063	chr7_8158620_GT_G	95	p.Asn204ThrfsTer5
VEPH1	ENST00000362010	chr3_157363437_GT_G	95	p.Asn554ThrfsTer5
PRR11	ENST00000262293	chr17_59169809_CA_C	94	p.Glu23LysfsTer9
QKI	ENST00000361752	chr6_163478887_TA_T	94	p.Lys134ArgfsTer14
SNX25	ENST00000504273	chr4_185351540_GA_G	94	p.Asn638IlefsTer51
SRRT	ENST00000611405	chr7_100881710_TG_T	94	p.Gly104ValfsTer45
FHOD3	ENST00000590592	chr18_36625552_AC_A	93	p.Ser336ValfsTer171
SGO1	ENST00000263753	chr3_20174557_AT_A	93	p.Met325CysfsTer28
ZNF106	ENST00000263805	chr15_42450758_GA_G	93	p.Ser482ProfsTer33
ZNF469	ENST00000565624	chr16_88437794_AG_A	93	p.Arg3445GlyfsTer56
MAPRE3	ENST00000233121	chr2_27025648_GC_G	92	p.Cys182AlafsTer31
OR51E2	ENST00000396950	chr11_4682244_GA_G	92	p.Phe156SerfsTer6
PRSS56	ENST00000617714	chr2_232523817_AC_A	92	p.Gln356ArgfsTer148
RBM45	ENST00000286070	chr2_178124192_CA_C	92	p.Ala382LeufsTer7
ZFR	ENST00000265069	chr5_32404055_CT_C	92	p.Glu359LysfsTer4
CCDC73	ENST00000335185	chr11_32615973_CT_C	91	p.Glu448LysfsTer5
CDS1	ENST00000295887	chr4_84635321_AT_A	91	p.Phe263LeufsTer6
OR6C75	ENST00000641576	chr12_55365701_AT_A	91	p.Leu200Ter
CRYBG2	ENST00000475866	chr1_26345479_CT_C	90	p.Lys717ArgfsTer16
TMEM185B	ENST00000426077	chr2_120221954_AG_A	90	p.Pro341LeufsTer4
LARP4B	ENST00000316157	chr10_844998_GT_G	89	p.Thr163HisfsTer47
RGS12	ENST00000344733	chr4_3430703_AC_A	89	p.Gln1292ArgfsTer49
ADAMTS18	ENST00000282849	chr16_77322413_CA_C	88	p.Phe695LeufsTer7
DDX60L	ENST00000260184	chr4_168396112_GT_G	88	p.Asn1168ThrfsTer25
RBBP8	ENST00000399722	chr18_22992889_GA_G	88	p.Lys357AsnfsTer3
CADPS	ENST00000383710	chr3_62874798_GC_G	87	p.Leu78CysfsTer20
COIL	ENST00000240316	chr17_56950654_CT_C	87	p.Lys196ArgfsTer13
ZNF609	ENST00000326648	chr15_64675047_CA_C	87	p.Lys734ArgfsTer12
FXR1	ENST00000357559	chr3_180948439_CA_C	86	p.Asn124IlefsTer14
LRRIQ3	ENST00000354431	chr1_74109528_GT_G	86	p.Lys244AsnfsTer17
TM9SF3	ENST00000371142	chr10_96576717_CT_C	86	p.Ser72ValfsTer31
ZDBF2	ENST00000649650	chr2_206309703_TA_T	86	p.Lys1728AsnfsTer5
CCDC18	ENST00000343253	chr1_93201958_TA_T	85	p.Val259TrpfsTer15
CWF19L2	ENST00000282251	chr11_107454501_CT_C	85	p.Lys96ArgfsTer41
HPS1	ENST00000325103	chr10_98427229_TG_T	85	p.Met325TrpfsTer6
KIAA2026	ENST00000399933	chr9_5968043_CT_C	85	p.Ala730GlnfsTer26
TNRC6C	ENST00000335749	chr17_78050898_GA_G	85	p.Asn615MetfsTer45
TPTE	ENST00000618007	chr21_10567752_AT_A	85	p.Phe179LeufsTer25
ZMYM2	ENST00000610343	chr13_20064536_TA_T	85	p.Lys1044ArgfsTer33
LARP7	ENST00000509061	chr4_112649597_TA_T	84	p.Thr412GlnfsTer5
OLAH	ENST00000378217	chr10_15056973_AT_A	84	p.Phe107LeufsTer5
PAX6	ENST00000640368	chr11_31790768_TG_T	84	p.Pro389HisfsTer7
CCDC43	ENST00000315286	chr17_44678884_CT_C	83	p.Arg216GlyfsTer20
CHRM3	ENST00000676153	chr1_239909143_CA_C	83	p.Lys567ArgfsTer31
HNRNPL	ENST00000221419	chr19_38840318_TG_T	83	p.Pro337HisfsTer58
KNOP1	ENST00000219837	chr16_19714383_AT_A	83	p.Ile218SerfsTer41
ADNP	ENST00000371602	chr20_50891666_CT_C	82	p.Lys1016ArgfsTer11
GLYR1	ENST00000321919	chr16_4812227_GC_G	82	p.Arg381AlafsTer20
KIAA2012	ENST00000498697	chr2_202190196_TA_T	82	p.Lys841AsnfsTer2
ASH1L	ENST00000392403	chr1_155338208_GT_G	81	p.Thr2895GlnfsTer44
RTN3	ENST00000377819	chr11_63758183_CA_C	81	p.Lys1030ArgfsTer67
ZNF330	ENST00000262990	chr4_141222377_TA_T	81	p.Lys5ArgfsTer18
PPP2R5A	ENST00000261461	chr1_212360768_TA_T	80	c.*7del
SPATA1	ENST00000490879	chr1_84553088_GA_G	80	p.Ile430Ter
TRDN	ENST00000334268	chr6_123438063_CT_C	80	p.Glu351SerfsTer13
BEND4	ENST00000502486	chr4_42151879_CG_C	79	p.Gly91AlafsTer23
DYNC1I2	ENST00000397119	chr2_171690251_GA_G	78	p.Glu36LysfsTer34
ERMP1	ENST00000339450	chr9_5801291_GT_G	78	p.Thr651ProfsTer3
POLD3	ENST00000263681	chr11_74625563_GA_G	78	p.Arg300GlyfsTer5
ROM1	ENST00000278833	chr11_62613611_TG_T	78	p.Leu114SerfsTer8
AP3B1	ENST00000255194	chr5_78039082_GT_G	77	p.Lys923AsnfsTer4
ASXL1	ENST00000375687	chr20_32434638_AG_A	77	p.Gly645ValfsTer58
GART	ENST00000381831	chr21_33509814_CT_C	77	p.Lys807ArgfsTer7
